{
  "description": "Deterministic posterior-summary fixture for Phase 2 and Phase 3 regression checks.",
  "phase2": {
    "seed": 123,
    "step_size": 0.05,
    "n_samples": 40,
    "n_burnin": 20,
    "init": {
      "meta_d": 0.8,
      "c2": [0.4, 0.6, 0.8]
    },
    "expected_means": {
      "meta_d": 0.4185381172922584,
      "c2_mean": 0.6863884593221139
    },
    "tolerance": 0.05
  },
  "phase3": {
    "mcmc": {
      "n_chains": 2,
      "n_samples": 8,
      "n_burnin": 4,
      "step_size": 0.05,
      "seed": 7
    },
    "expected_means": {
      "mu_logMratio": -0.049932480576872135,
      "sigma_logMratio": 0.4644037403603901,
      "mu_c2": 0.3884959631881968,
      "sigma_c2": 0.43122292129279066
    },
    "tolerance": 0.05
  }
}
