{
  "description": "Shared Phase 2 parity fixture for Python and Clojure rate checks.",
  "nR_S1": [36, 24, 17, 20, 10, 12, 34, 22],
  "nR_S2": [21, 19, 23, 28, 33, 28, 20, 19],
  "meta_d": 0.9,
  "c2": [0.3, 0.6, 0.9],
  "tolerance": 0.01,
  "expected_rates": {
    "far_s1": [0.700406589755831, 0.4580133958818716, 0.2786584467306433],
    "hr_s1": [0.8361254985375998, 0.6627918776373323, 0.49512009536352397],
    "far_s2": [0.6884364567878772, 0.44206747941265484, 0.2638993555205821],
    "hr_s2": [0.8252795316093728, 0.6446592088523637, 0.4738956536225718]
  }
}
